InvoiceNo,StockCode,Description,Quantity,InvoiceDate,UnitPrice,CustomerID,Country
INV1000,P005,Smartwatch,8,2023-05-05,410.43,10869,India
INV1001,P010,USB Flash Drive,1,2023-08-20,650.66,10733,Germany
INV1002,P003,Tablet,8,2023-12-09,191.14,10081,Canada
INV1003,P003,Tablet,9,2023-01-04,70.69,10498,South Africa
INV1004,P008,Mouse,7,2023-11-06,520.08,10267,South Africa
INV1005,P005,Smartwatch,2,2023-07-09,581.92,10995,France
INV1006,P010,USB Flash Drive,9,2023-02-28,391.01,10665,UK
INV1007,P004,Headphones,6,2023-08-09,724.94,10023,South Africa
INV1008,P010,USB Flash Drive,5,2023-06-06,506.81,10623,USA
INV1009,P006,Monitor,9,2023-10-18,679.09,10772,South Africa
INV1010,P006,Monitor,7,2023-05-04,88.86,10186,Canada
INV1011,P005,Smartwatch,7,2023-11-03,446.48,10839,South Africa
INV1012,P008,Mouse,10,2023-09-12,445.33,10093,Canada
INV1013,P005,Smartwatch,3,2023-08-23,279.68,10338,USA
INV1014,P009,External HDD,1,2023-08-16,813.78,10515,UK
INV1015,P008,Mouse,6,2023-02-12,481.31,10363,Brazil
INV1016,P007,Keyboard,6,2023-08-30,808.61,10572,France
INV1017,P006,Monitor,6,2023-08-23,251.36,10241,Canada
INV1018,P004,Headphones,8,2023-01-16,167.58,10421,Germany
INV1019,P007,Keyboard,1,2023-08-07,943.98,10344,France
INV1020,P007,Keyboard,9,2023-02-03,356.83,10638,India
INV1021,P006,Monitor,3,2023-08-29,29.87,10611,USA
INV1022,P008,Mouse,10,2023-06-13,598.45,10132,UK
INV1023,P006,Monitor,8,2023-04-08,988.91,10051,UK
INV1024,P009,External HDD,1,2023-06-18,574.27,10414,Germany
INV1025,P001,Laptop,1,2023-01-05,941.36,10479,Brazil
INV1026,P004,Headphones,6,2023-10-09,926.56,10372,Brazil
INV1027,P004,Headphones,1,2023-11-17,163.26,11000,South Africa
INV1028,P001,Laptop,5,2023-04-15,545.0,10595,South Africa
INV1029,P005,Smartwatch,5,2023-04-04,233.59,10887,Germany
INV1030,P004,Headphones,4,2023-01-14,860.53,10072,Germany
INV1031,P009,External HDD,3,2024-01-01,82.54,10085,South Africa
INV1032,P003,Tablet,5,2023-11-18,957.41,10181,India
INV1033,P005,Smartwatch,8,2023-04-11,498.31,10811,China
INV1034,P006,Monitor,6,2023-07-06,300.64,10666,Canada
INV1035,P006,Monitor,4,2023-10-27,623.65,10241,Germany
INV1036,P005,Smartwatch,1,2023-04-08,479.34,10798,UK
INV1037,P009,External HDD,7,2023-02-02,491.96,10233,South Africa
INV1038,P009,External HDD,4,2023-03-22,392.18,10869,Australia
INV1039,P003,Tablet,10,2023-02-24,657.26,10681,Germany
INV1040,P007,Keyboard,4,2023-01-21,250.09,10896,Brazil
INV1041,P002,Smartphone,8,2023-11-06,218.69,10655,UK
INV1042,P007,Keyboard,9,2023-06-25,683.15,10118,Germany
INV1043,P006,Monitor,9,2023-03-21,819.26,10876,India
INV1044,P007,Keyboard,2,2023-11-10,751.24,10730,China
INV1045,P006,Monitor,3,2023-02-02,417.99,10681,Germany
INV1046,P001,Laptop,8,2023-09-01,525.56,10238,Canada
INV1047,P010,USB Flash Drive,5,2023-08-19,832.93,10525,Germany
INV1048,P003,Tablet,9,2023-11-22,576.61,10195,Canada
INV1049,P003,Tablet,8,2023-11-08,989.33,10905,China
INV1050,P002,Smartphone,8,2023-07-31,233.03,10117,Germany
INV1051,P009,External HDD,5,2023-12-06,738.74,10024,China
INV1052,P001,Laptop,10,2023-02-27,577.21,10940,China
INV1053,P004,Headphones,3,2023-06-05,174.91,10219,USA
INV1054,P008,Mouse,3,2023-06-28,821.9,10368,France
INV1055,P010,USB Flash Drive,1,2023-10-02,544.01,10218,India
INV1056,P003,Tablet,2,2023-09-23,30.25,10300,Brazil
INV1057,P006,Monitor,7,2023-12-27,581.2,10180,China
INV1058,P006,Monitor,5,2023-05-09,834.43,10062,Germany
INV1059,P007,Keyboard,2,2023-02-11,63.26,10458,Germany
INV1060,P005,Smartwatch,5,2023-06-27,67.07,10548,South Africa
INV1061,P006,Monitor,7,2023-11-29,19.94,10097,India
INV1062,P003,Tablet,5,2023-07-25,75.74,10057,USA
INV1063,P005,Smartwatch,9,2023-09-28,671.25,10531,Canada
INV1064,P006,Monitor,5,2023-05-06,827.0,10573,India
INV1065,P002,Smartphone,2,2023-12-14,781.01,10297,Canada
INV1066,P005,Smartwatch,8,2023-11-17,920.55,10497,Australia
INV1067,P006,Monitor,8,2023-05-20,665.78,10787,USA
INV1068,P002,Smartphone,2,2023-08-24,770.96,10482,USA
INV1069,P009,External HDD,4,2023-06-12,421.57,10679,Germany
INV1070,P004,Headphones,10,2023-08-11,927.39,10885,Australia
INV1071,P007,Keyboard,9,2023-07-11,762.45,10190,China
INV1072,P007,Keyboard,10,2023-02-13,441.91,10137,USA
INV1073,P007,Keyboard,7,2023-07-12,883.45,10403,Germany
INV1074,P010,USB Flash Drive,4,2023-02-26,253.82,10689,South Africa
INV1075,P004,Headphones,8,2023-12-20,643.02,10859,France
INV1076,P008,Mouse,6,2023-01-21,299.71,10338,Brazil
INV1077,P002,Smartphone,8,2023-04-01,553.46,10284,Germany
INV1078,P010,USB Flash Drive,5,2023-07-29,642.69,10111,South Africa
INV1079,P002,Smartphone,3,2023-08-11,74.76,10894,France
INV1080,P002,Smartphone,3,2023-05-05,693.62,10089,China
INV1081,P001,Laptop,6,2023-12-10,886.22,10546,China
INV1082,P005,Smartwatch,3,2023-01-22,213.9,10094,France
INV1083,P004,Headphones,3,2023-05-13,732.66,10554,France
INV1084,P002,Smartphone,10,2023-05-16,990.81,10080,USA
INV1085,P007,Keyboard,10,2023-01-30,565.5,10968,China
INV1086,P010,USB Flash Drive,3,2023-01-01,522.56,10006,South Africa
INV1087,P010,USB Flash Drive,4,2023-01-03,637.52,10214,Germany
INV1088,P003,Tablet,10,2023-03-04,105.81,10355,China
INV1089,P003,Tablet,8,2023-12-19,526.39,10417,India
INV1090,P006,Monitor,8,2023-09-26,54.38,10784,France
INV1091,P008,Mouse,5,2023-09-04,207.99,10952,France
INV1092,P009,External HDD,9,2023-07-13,932.03,10992,Australia
INV1093,P009,External HDD,5,2023-03-28,588.17,10477,Canada
INV1094,P010,USB Flash Drive,5,2023-03-05,549.81,10516,Canada
INV1095,P007,Keyboard,1,2023-11-25,277.52,10710,Australia
INV1096,P009,External HDD,5,2023-02-27,712.46,10617,South Africa
INV1097,P009,External HDD,8,2023-05-16,501.08,10188,India
INV1098,P002,Smartphone,5,2023-08-06,832.73,10215,Canada
INV1099,P007,Keyboard,6,2023-11-22,716.85,10401,Canada
INV1100,P003,Tablet,10,2023-09-24,562.76,10153,Australia
INV1101,P001,Laptop,3,2023-01-05,620.75,10344,Canada
INV1102,P007,Keyboard,8,2023-10-30,329.32,10229,South Africa
INV1103,P006,Monitor,10,2023-02-05,797.58,10010,Canada
INV1104,P009,External HDD,3,2023-10-15,25.75,10284,Brazil
INV1105,P008,Mouse,2,2023-10-28,706.78,10405,France
INV1106,P001,Laptop,1,2023-05-10,306.99,10218,India
INV1107,P004,Headphones,5,2023-01-16,600.75,10511,Germany
INV1108,P002,Smartphone,10,2023-09-10,754.04,10919,USA
INV1109,P004,Headphones,6,2023-10-28,170.89,10031,UK
INV1110,P001,Laptop,1,2023-07-23,93.8,10691,Canada
INV1111,P005,Smartwatch,2,2023-10-22,935.69,10645,India
INV1112,P002,Smartphone,7,2023-09-11,263.92,10717,China
INV1113,P004,Headphones,8,2023-09-20,804.05,10700,Australia
INV1114,P005,Smartwatch,6,2023-05-11,12.96,10434,UK
INV1115,P002,Smartphone,4,2023-01-05,19.51,10361,Australia
INV1116,P006,Monitor,8,2023-02-14,144.17,10109,UK
INV1117,P002,Smartphone,9,2023-09-05,169.34,10659,USA
INV1118,P003,Tablet,1,2023-01-25,679.16,10565,South Africa
INV1119,P007,Keyboard,8,2023-01-26,975.36,10910,India
INV1120,P003,Tablet,8,2023-10-28,126.46,10021,Brazil
INV1121,P010,USB Flash Drive,9,2023-01-04,660.5,10983,India
INV1122,P010,USB Flash Drive,8,2023-11-03,539.3,10951,Canada
INV1123,P001,Laptop,2,2023-01-26,677.93,10069,India
INV1124,P003,Tablet,9,2023-12-13,268.43,10391,India
INV1125,P002,Smartphone,10,2023-08-20,304.88,10331,Brazil
INV1126,P003,Tablet,10,2023-01-12,188.57,10923,Canada
INV1127,P007,Keyboard,8,2023-01-31,450.93,10108,UK
INV1128,P003,Tablet,4,2023-10-30,93.24,10271,UK
INV1129,P006,Monitor,3,2023-12-10,242.46,10672,Australia
INV1130,P007,Keyboard,3,2023-06-24,790.71,10907,India
INV1131,P001,Laptop,8,2023-08-05,169.98,10619,UK
INV1132,P008,Mouse,5,2023-11-05,15.16,10595,UK
INV1133,P007,Keyboard,2,2023-04-05,677.96,10213,China
INV1134,P006,Monitor,2,2023-08-02,223.3,10938,USA
INV1135,P001,Laptop,4,2023-03-15,761.5,10998,India
INV1136,P001,Laptop,2,2023-01-25,46.61,10324,India
INV1137,P005,Smartwatch,5,2023-11-20,186.74,10100,Canada
INV1138,P002,Smartphone,8,2023-12-06,677.19,10364,Brazil
INV1139,P010,USB Flash Drive,1,2023-09-23,740.89,10569,Brazil
INV1140,P005,Smartwatch,3,2023-06-22,530.95,10817,France
INV1141,P004,Headphones,7,2023-07-02,790.1,10250,Canada
INV1142,P005,Smartwatch,10,2023-08-18,302.5,10881,France
INV1143,P008,Mouse,4,2023-10-21,286.21,10124,Germany
INV1144,P004,Headphones,8,2023-07-27,283.57,10769,Brazil
INV1145,P005,Smartwatch,10,2023-12-26,458.45,10958,Germany
INV1146,P008,Mouse,3,2023-07-01,58.72,10189,France
INV1147,P003,Tablet,9,2023-05-08,941.78,10814,UK
INV1148,P002,Smartphone,7,2023-10-29,577.31,10501,India
INV1149,P002,Smartphone,1,2023-05-03,374.19,10528,USA
INV1150,P002,Smartphone,6,2023-01-06,384.7,10456,UK
INV1151,P002,Smartphone,3,2023-01-19,614.21,10995,China
INV1152,P002,Smartphone,5,2023-07-27,381.22,10420,Brazil
INV1153,P006,Monitor,8,2023-05-27,103.28,10345,South Africa
INV1154,P002,Smartphone,1,2023-11-04,654.05,10048,France
INV1155,P001,Laptop,2,2023-01-07,875.52,10568,USA
INV1156,P001,Laptop,5,2023-09-22,748.21,10900,India
INV1157,P009,External HDD,5,2023-05-18,686.57,10109,India
INV1158,P002,Smartphone,8,2023-02-09,624.3,10113,France
INV1159,P004,Headphones,2,2023-04-24,566.04,10601,USA
INV1160,P004,Headphones,1,2023-05-09,555.75,10957,Australia
INV1161,P001,Laptop,8,2023-03-30,986.11,10587,USA
INV1162,P002,Smartphone,10,2023-04-28,827.79,10368,UK
INV1163,P009,External HDD,6,2023-12-17,454.04,10200,France
INV1164,P005,Smartwatch,8,2023-10-26,911.63,10267,South Africa
INV1165,P001,Laptop,6,2023-08-11,219.84,10311,Canada
INV1166,P010,USB Flash Drive,3,2023-12-07,850.92,10356,Canada
INV1167,P003,Tablet,1,2023-03-18,100.68,10562,USA
INV1168,P010,USB Flash Drive,2,2023-08-31,847.31,10254,China
INV1169,P007,Keyboard,5,2023-12-30,256.02,10951,South Africa
INV1170,P010,USB Flash Drive,3,2023-09-20,148.74,10342,USA
INV1171,P002,Smartphone,10,2023-10-02,982.48,10639,China
INV1172,P008,Mouse,8,2023-12-02,810.21,10470,India
INV1173,P004,Headphones,10,2023-03-24,818.79,10490,Germany
INV1174,P009,External HDD,10,2023-08-31,14.95,10316,China
INV1175,P004,Headphones,7,2023-07-17,259.47,10675,Germany
INV1176,P007,Keyboard,1,2023-02-27,815.47,10462,UK
INV1177,P004,Headphones,3,2023-09-30,521.72,10717,France
INV1178,P008,Mouse,9,2023-04-03,992.47,10149,South Africa
INV1179,P006,Monitor,1,2023-01-13,475.42,10757,USA
INV1180,P005,Smartwatch,1,2023-03-02,755.55,10958,China
INV1181,P005,Smartwatch,6,2023-10-21,978.43,10459,Brazil
INV1182,P001,Laptop,1,2023-08-23,850.96,10718,UK
INV1183,P005,Smartwatch,7,2023-05-05,410.97,10071,UK
INV1184,P002,Smartphone,7,2023-04-17,834.37,10207,Canada
INV1185,P002,Smartphone,9,2023-04-25,982.48,10836,India
INV1186,P005,Smartwatch,8,2023-06-02,849.86,10358,South Africa
INV1187,P006,Monitor,2,2023-03-19,391.5,10983,USA
INV1188,P004,Headphones,10,2023-05-02,353.32,10614,Germany
INV1189,P010,USB Flash Drive,5,2023-07-17,525.12,10944,Canada
INV1190,P005,Smartwatch,2,2023-07-20,796.27,10494,South Africa
INV1191,P002,Smartphone,1,2023-11-26,703.68,10711,France
INV1192,P004,Headphones,1,2023-12-08,108.08,10341,Canada
INV1193,P005,Smartwatch,3,2023-10-28,817.85,10227,UK
INV1194,P001,Laptop,6,2023-09-13,138.61,10490,UK
INV1195,P007,Keyboard,2,2023-07-29,804.92,10872,France
INV1196,P001,Laptop,6,2023-07-09,324.08,10195,Canada
INV1197,P010,USB Flash Drive,2,2023-04-23,565.44,10779,India
INV1198,P001,Laptop,3,2023-02-13,243.2,10988,India
INV1199,P002,Smartphone,10,2023-06-21,736.51,10371,China
INV1200,P004,Headphones,5,2023-03-13,266.04,10389,India
INV1201,P004,Headphones,7,2023-11-16,597.42,10940,Australia
INV1202,P005,Smartwatch,2,2023-04-29,672.35,10710,India
INV1203,P008,Mouse,7,2023-03-23,745.68,10863,Australia
INV1204,P005,Smartwatch,10,2023-01-03,480.55,10767,Australia
INV1205,P009,External HDD,10,2023-07-06,350.88,10662,Germany
INV1206,P010,USB Flash Drive,6,2023-11-10,51.76,10382,Germany
INV1207,P010,USB Flash Drive,6,2023-05-04,739.06,10756,USA
INV1208,P002,Smartphone,8,2023-04-30,112.93,10936,Canada
INV1209,P004,Headphones,8,2023-04-21,690.54,10330,France
INV1210,P008,Mouse,1,2023-12-16,411.62,10472,France
INV1211,P003,Tablet,10,2023-04-14,58.45,10654,Canada
INV1212,P005,Smartwatch,3,2023-02-20,985.34,10315,UK
INV1213,P010,USB Flash Drive,7,2023-09-06,645.27,10128,UK
INV1214,P002,Smartphone,6,2023-05-04,960.96,10264,Australia
INV1215,P003,Tablet,9,2023-01-26,812.31,10934,China
INV1216,P007,Keyboard,7,2023-03-14,488.03,10730,Australia
INV1217,P001,Laptop,8,2023-08-27,299.71,10850,South Africa
INV1218,P009,External HDD,3,2023-06-27,322.4,10292,South Africa
INV1219,P005,Smartwatch,4,2023-02-28,440.2,10966,UK
INV1220,P002,Smartphone,6,2023-05-03,858.78,10595,USA
INV1221,P009,External HDD,8,2023-03-28,713.79,10319,UK
INV1222,P006,Monitor,1,2023-12-07,917.95,10585,USA
INV1223,P001,Laptop,9,2023-06-15,266.54,10265,France
INV1224,P005,Smartwatch,2,2023-03-19,954.12,10857,Canada
INV1225,P003,Tablet,7,2023-05-24,210.21,10612,South Africa
INV1226,P003,Tablet,10,2023-01-18,812.27,10098,China
INV1227,P006,Monitor,8,2023-01-08,796.67,10029,Canada
INV1228,P005,Smartwatch,8,2023-03-01,745.05,10698,Canada
INV1229,P009,External HDD,4,2023-12-31,103.8,10349,India
INV1230,P003,Tablet,8,2023-04-06,978.54,10849,USA
INV1231,P009,External HDD,3,2023-09-14,907.18,10606,Australia
INV1232,P002,Smartphone,7,2023-04-06,520.81,10621,India
INV1233,P002,Smartphone,6,2023-08-20,916.64,10825,Germany
INV1234,P003,Tablet,2,2023-02-27,681.17,10614,UK
INV1235,P003,Tablet,3,2023-01-22,816.92,10224,China
INV1236,P007,Keyboard,10,2023-09-03,523.18,10211,UK
INV1237,P009,External HDD,2,2023-01-07,41.58,10602,Germany
INV1238,P010,USB Flash Drive,5,2023-09-21,727.21,10866,Canada
INV1239,P004,Headphones,2,2023-10-16,590.2,10213,Australia
INV1240,P005,Smartwatch,4,2023-08-21,821.51,10926,France
INV1241,P006,Monitor,8,2023-03-24,959.29,10419,Australia
INV1242,P008,Mouse,3,2023-12-23,784.28,10777,UK
INV1243,P010,USB Flash Drive,7,2023-07-11,909.93,11000,Brazil
INV1244,P009,External HDD,8,2023-06-24,364.71,10616,Brazil
INV1245,P005,Smartwatch,7,2023-03-29,177.73,10247,France
INV1246,P003,Tablet,3,2023-06-09,948.16,10848,Canada
INV1247,P008,Mouse,5,2023-04-23,988.72,10852,France
INV1248,P005,Smartwatch,8,2023-03-30,936.76,10414,China
INV1249,P006,Monitor,3,2023-10-03,650.41,10553,India
INV1250,P009,External HDD,6,2023-07-27,910.0,10026,USA
INV1251,P006,Monitor,6,2023-05-02,529.09,10474,Germany
INV1252,P008,Mouse,3,2023-04-13,243.14,10809,Brazil
INV1253,P005,Smartwatch,2,2023-07-16,318.76,10455,India
INV1254,P005,Smartwatch,8,2023-07-20,993.21,10790,USA
INV1255,P010,USB Flash Drive,3,2023-08-17,411.23,10055,South Africa
INV1256,P004,Headphones,1,2023-05-24,912.52,10172,India
INV1257,P010,USB Flash Drive,2,2023-08-12,289.46,10879,China
INV1258,P004,Headphones,9,2023-10-11,608.03,10883,Australia
INV1259,P006,Monitor,1,2023-07-18,344.68,10080,Canada
INV1260,P006,Monitor,2,2023-07-08,974.53,10381,China
INV1261,P009,External HDD,10,2023-02-09,669.72,10812,South Africa
INV1262,P007,Keyboard,8,2023-07-03,39.05,10251,USA
INV1263,P003,Tablet,1,2023-03-11,136.13,10976,China
INV1264,P005,Smartwatch,3,2023-04-14,556.97,10378,South Africa
INV1265,P007,Keyboard,7,2023-08-29,835.83,10652,Germany
INV1266,P006,Monitor,10,2023-06-08,862.47,10480,India
INV1267,P008,Mouse,6,2023-08-01,272.06,10841,Australia
INV1268,P004,Headphones,8,2023-06-15,939.21,10541,China
INV1269,P009,External HDD,1,2023-10-06,908.44,10161,France
INV1270,P001,Laptop,1,2023-08-06,963.72,10045,USA
INV1271,P009,External HDD,8,2023-07-03,623.05,10343,Brazil
INV1272,P004,Headphones,6,2023-03-09,786.89,10931,India
INV1273,P007,Keyboard,4,2023-06-01,123.48,10378,France
INV1274,P009,External HDD,3,2023-11-29,889.08,10019,USA
INV1275,P002,Smartphone,8,2023-01-05,396.71,10415,Australia
INV1276,P005,Smartwatch,7,2023-06-08,519.42,10970,Brazil
INV1277,P009,External HDD,4,2023-04-26,222.63,10983,UK
INV1278,P001,Laptop,8,2023-01-01,219.64,10701,Brazil
INV1279,P004,Headphones,1,2023-02-05,684.71,10848,USA
INV1280,P006,Monitor,6,2023-03-22,649.75,10066,Canada
INV1281,P009,External HDD,3,2023-12-22,439.07,10047,India
INV1282,P007,Keyboard,3,2023-04-21,477.6,10483,Germany
INV1283,P008,Mouse,9,2023-10-20,199.4,10008,India
INV1284,P006,Monitor,9,2023-09-27,579.46,10651,UK
INV1285,P004,Headphones,8,2023-12-11,347.45,10005,France
INV1286,P001,Laptop,8,2023-06-01,480.36,10798,India
INV1287,P010,USB Flash Drive,4,2023-07-31,240.26,10721,Germany
INV1288,P010,USB Flash Drive,9,2023-11-25,677.43,10863,Germany
INV1289,P009,External HDD,9,2023-07-11,255.32,10009,Germany
INV1290,P009,External HDD,4,2023-11-10,672.29,10183,Brazil
INV1291,P002,Smartphone,7,2023-03-26,222.47,10014,USA
INV1292,P008,Mouse,1,2023-09-16,746.84,10329,Germany
INV1293,P006,Monitor,4,2023-12-18,138.68,10649,Canada
INV1294,P002,Smartphone,7,2023-08-09,651.47,10764,UK
INV1295,P005,Smartwatch,1,2023-04-18,130.79,10754,India
INV1296,P004,Headphones,5,2023-04-25,841.1,10718,China
INV1297,P010,USB Flash Drive,9,2023-03-09,603.59,10935,Australia
INV1298,P004,Headphones,9,2023-12-16,782.47,10085,France
INV1299,P007,Keyboard,5,2023-07-27,767.17,10974,USA
INV1300,P005,Smartwatch,8,2023-10-23,946.11,10285,South Africa
INV1301,P005,Smartwatch,6,2023-12-25,322.95,10887,Canada
INV1302,P009,External HDD,8,2023-01-02,125.61,10154,China
INV1303,P005,Smartwatch,8,2023-01-16,776.08,10450,India
INV1304,P001,Laptop,6,2023-12-25,784.26,10012,UK
INV1305,P008,Mouse,7,2023-12-18,212.85,11000,UK
INV1306,P010,USB Flash Drive,9,2023-10-12,654.01,10265,USA
INV1307,P009,External HDD,7,2023-05-13,496.57,10552,USA
INV1308,P002,Smartphone,7,2023-07-14,841.84,10760,UK
INV1309,P004,Headphones,5,2023-09-04,239.7,10268,Canada
INV1310,P004,Headphones,10,2023-12-23,132.03,10661,UK
INV1311,P002,Smartphone,7,2023-02-20,18.03,10288,Canada
INV1312,P005,Smartwatch,2,2023-02-04,747.47,10056,China
INV1313,P001,Laptop,5,2023-09-28,613.18,10253,Germany
INV1314,P008,Mouse,7,2023-09-01,988.25,10970,UK
INV1315,P006,Monitor,5,2023-05-16,848.88,10360,India
INV1316,P009,External HDD,8,2023-07-15,392.44,10721,USA
INV1317,P001,Laptop,5,2023-09-07,874.96,10806,Canada
INV1318,P005,Smartwatch,3,2023-08-27,56.45,10141,China
INV1319,P004,Headphones,8,2023-05-06,98.78,10871,Germany
INV1320,P002,Smartphone,5,2023-07-25,749.62,10350,South Africa
INV1321,P007,Keyboard,1,2023-11-08,230.0,10125,Germany
INV1322,P009,External HDD,7,2023-07-11,983.19,10143,Australia
INV1323,P006,Monitor,6,2023-12-26,445.83,10698,Brazil
INV1324,P004,Headphones,1,2023-07-14,689.97,10350,India
INV1325,P003,Tablet,2,2023-12-10,506.24,10836,China
INV1326,P009,External HDD,5,2023-04-29,401.97,10459,Brazil
INV1327,P007,Keyboard,5,2023-03-01,606.02,10640,Australia
INV1328,P006,Monitor,7,2023-04-06,284.69,10107,South Africa
INV1329,P006,Monitor,1,2023-11-28,890.93,10876,Brazil
INV1330,P009,External HDD,1,2023-05-08,942.7,10533,UK
INV1331,P006,Monitor,4,2023-11-09,259.71,10142,China
INV1332,P004,Headphones,6,2023-03-26,323.25,10160,China
INV1333,P006,Monitor,10,2023-02-19,359.33,10216,Germany
INV1334,P005,Smartwatch,7,2023-05-19,93.01,10547,Brazil
INV1335,P004,Headphones,2,2023-06-27,157.4,10834,India
INV1336,P010,USB Flash Drive,8,2023-06-08,708.23,10982,UK
INV1337,P005,Smartwatch,9,2023-08-01,450.16,10643,UK
INV1338,P006,Monitor,9,2023-01-06,763.88,10759,Australia
INV1339,P006,Monitor,7,2023-10-12,74.41,10117,China
INV1340,P003,Tablet,4,2023-11-29,135.87,10871,Germany
INV1341,P001,Laptop,3,2023-03-23,508.32,10211,UK
INV1342,P010,USB Flash Drive,1,2023-04-04,680.97,10982,Australia
INV1343,P009,External HDD,6,2023-01-20,546.26,10669,Australia
INV1344,P003,Tablet,2,2023-12-29,521.74,10504,China
INV1345,P004,Headphones,10,2023-02-03,477.92,10803,France
INV1346,P002,Smartphone,6,2023-02-21,989.14,10814,Germany
INV1347,P008,Mouse,2,2023-03-14,319.97,10735,USA
INV1348,P005,Smartwatch,8,2023-01-20,361.29,10898,UK
INV1349,P005,Smartwatch,3,2023-05-08,308.89,10573,South Africa
INV1350,P010,USB Flash Drive,4,2023-06-02,415.65,10085,India
INV1351,P003,Tablet,10,2023-01-03,899.4,10961,Brazil
INV1352,P001,Laptop,8,2023-08-06,502.01,10047,Germany
INV1353,P001,Laptop,1,2023-02-17,862.91,10692,China
INV1354,P002,Smartphone,3,2023-02-23,456.83,10507,China
INV1355,P009,External HDD,1,2023-02-21,612.07,10321,UK
INV1356,P004,Headphones,2,2023-04-14,603.87,10996,Canada
INV1357,P005,Smartwatch,9,2023-10-06,686.94,10367,Australia
INV1358,P010,USB Flash Drive,2,2023-02-24,914.77,10501,China
INV1359,P010,USB Flash Drive,6,2023-12-15,498.93,10518,India
INV1360,P003,Tablet,8,2023-04-21,713.3,10966,USA
INV1361,P005,Smartwatch,3,2023-03-29,790.14,10797,France
INV1362,P004,Headphones,6,2023-10-28,558.13,10468,Brazil
INV1363,P001,Laptop,1,2023-10-22,943.71,10290,Brazil
INV1364,P007,Keyboard,10,2023-12-26,914.26,10354,Germany
INV1365,P008,Mouse,6,2023-08-23,470.01,10013,USA
INV1366,P009,External HDD,6,2023-11-05,536.29,10522,South Africa
INV1367,P010,USB Flash Drive,10,2023-10-06,42.61,10588,Germany
INV1368,P010,USB Flash Drive,3,2023-07-27,886.6,10813,South Africa
INV1369,P004,Headphones,6,2023-05-20,79.74,10851,Australia
INV1370,P002,Smartphone,5,2023-08-14,60.09,10306,USA
INV1371,P007,Keyboard,3,2023-06-10,49.79,10643,Australia
INV1372,P004,Headphones,5,2023-03-21,756.41,10089,USA
INV1373,P002,Smartphone,8,2023-01-02,738.8,10538,USA
INV1374,P004,Headphones,8,2023-11-19,149.23,10260,France
INV1375,P003,Tablet,6,2023-07-27,325.44,10410,Australia
INV1376,P003,Tablet,4,2023-07-05,346.77,10180,China
INV1377,P007,Keyboard,6,2023-12-11,972.44,10712,India
INV1378,P001,Laptop,5,2023-09-17,849.57,10014,France
INV1379,P006,Monitor,7,2023-08-17,393.87,10891,UK
INV1380,P006,Monitor,7,2023-09-12,969.29,10642,France
INV1381,P010,USB Flash Drive,8,2023-07-07,552.4,10196,France
INV1382,P006,Monitor,4,2023-06-12,585.64,10198,USA
INV1383,P002,Smartphone,8,2023-04-26,411.87,10856,USA
INV1384,P008,Mouse,5,2023-10-27,501.64,10073,South Africa
INV1385,P005,Smartwatch,1,2023-08-23,440.48,10005,China
INV1386,P009,External HDD,4,2023-04-02,736.98,10226,UK
INV1387,P007,Keyboard,3,2023-04-01,474.76,10074,Germany
INV1388,P001,Laptop,3,2023-10-14,635.44,10701,China
INV1389,P004,Headphones,7,2023-09-19,391.2,10339,China
INV1390,P005,Smartwatch,1,2023-09-04,219.84,10191,Brazil
INV1391,P003,Tablet,10,2023-11-18,637.16,10587,South Africa
INV1392,P008,Mouse,4,2023-03-17,936.74,10384,Brazil
INV1393,P004,Headphones,2,2023-08-01,315.45,10131,China
INV1394,P009,External HDD,1,2023-04-20,365.87,10152,Canada
INV1395,P009,External HDD,2,2023-08-25,869.41,10183,China
INV1396,P006,Monitor,2,2023-09-27,17.6,10303,Australia
INV1397,P004,Headphones,2,2023-02-08,718.22,10204,Australia
INV1398,P004,Headphones,8,2023-01-14,957.98,10642,Germany
INV1399,P005,Smartwatch,7,2023-08-15,300.63,10418,France
INV1400,P009,External HDD,4,2023-01-11,304.51,10222,Brazil
INV1401,P002,Smartphone,3,2023-06-12,609.88,10539,USA
INV1402,P001,Laptop,6,2023-12-24,381.78,10663,France
INV1403,P008,Mouse,10,2023-04-12,672.56,10126,South Africa
INV1404,P006,Monitor,6,2023-08-28,410.86,10385,USA
INV1405,P003,Tablet,1,2023-11-07,45.93,10639,Canada
INV1406,P008,Mouse,7,2023-01-18,748.51,10478,China
INV1407,P005,Smartwatch,5,2023-02-05,963.23,10479,Germany
INV1408,P009,External HDD,1,2023-10-03,17.78,10427,South Africa
INV1409,P001,Laptop,6,2023-12-01,418.99,10013,USA
INV1410,P007,Keyboard,2,2023-08-16,830.86,10622,India
INV1411,P010,USB Flash Drive,10,2023-06-20,433.25,10497,France
INV1412,P005,Smartwatch,1,2023-04-22,529.47,10545,Canada
INV1413,P009,External HDD,6,2023-02-03,164.11,10880,Australia
INV1414,P008,Mouse,4,2023-04-08,927.12,10516,Brazil
INV1415,P002,Smartphone,6,2023-10-24,468.68,10617,Canada
INV1416,P007,Keyboard,10,2023-03-27,274.82,10314,France
INV1417,P002,Smartphone,10,2023-04-26,979.73,10655,Canada
INV1418,P002,Smartphone,1,2023-03-30,284.05,10063,India
INV1419,P009,External HDD,6,2023-02-24,36.63,10451,Brazil
INV1420,P010,USB Flash Drive,4,2023-03-09,45.1,10833,Canada
INV1421,P005,Smartwatch,8,2023-05-16,476.97,10737,China
INV1422,P001,Laptop,4,2023-08-07,886.71,10514,Canada
INV1423,P009,External HDD,4,2023-10-24,475.46,10953,France
INV1424,P001,Laptop,9,2023-06-25,788.29,10326,China
INV1425,P006,Monitor,7,2023-06-12,749.88,10363,USA
INV1426,P006,Monitor,4,2023-05-28,255.84,10218,China
INV1427,P003,Tablet,1,2023-11-12,179.66,10606,Brazil
INV1428,P009,External HDD,7,2023-04-20,369.89,10646,Australia
INV1429,P005,Smartwatch,4,2023-04-04,91.86,10858,UK
INV1430,P010,USB Flash Drive,7,2023-04-05,27.67,10098,India
INV1431,P006,Monitor,6,2023-11-14,828.9,10969,Canada
INV1432,P002,Smartphone,8,2023-06-25,214.65,10540,India
INV1433,P010,USB Flash Drive,1,2023-12-06,788.68,10975,Canada
INV1434,P003,Tablet,9,2023-10-12,876.47,10943,China
INV1435,P004,Headphones,5,2023-09-21,307.18,10721,China
INV1436,P004,Headphones,8,2023-07-26,938.17,10706,USA
INV1437,P002,Smartphone,7,2023-07-31,505.46,10879,Brazil
INV1438,P007,Keyboard,3,2023-05-17,813.03,10967,India
INV1439,P006,Monitor,8,2023-01-14,61.08,10733,Germany
INV1440,P001,Laptop,8,2023-07-12,696.69,10069,USA
INV1441,P010,USB Flash Drive,3,2023-05-18,114.19,10821,France
INV1442,P009,External HDD,1,2023-02-24,55.93,10582,France
INV1443,P004,Headphones,9,2023-03-22,480.15,10223,Germany
INV1444,P004,Headphones,8,2023-02-27,626.66,10389,Germany
INV1445,P006,Monitor,8,2023-06-28,236.06,10011,China
INV1446,P006,Monitor,9,2023-03-29,116.54,10526,Canada
INV1447,P006,Monitor,3,2023-03-17,850.08,10665,India
INV1448,P005,Smartwatch,9,2023-03-29,17.43,10737,Brazil
INV1449,P007,Keyboard,4,2023-04-24,157.3,10516,Australia
INV1450,P002,Smartphone,3,2023-08-22,894.93,10829,UK
INV1451,P006,Monitor,2,2023-10-05,936.09,10435,France
INV1452,P001,Laptop,9,2023-06-11,351.1,10059,UK
INV1453,P005,Smartwatch,2,2023-01-02,435.41,10125,France
INV1454,P006,Monitor,2,2023-04-05,674.99,10873,South Africa
INV1455,P010,USB Flash Drive,5,2023-01-04,793.97,10359,France
INV1456,P005,Smartwatch,4,2023-07-08,907.13,10227,South Africa
INV1457,P004,Headphones,1,2023-04-16,14.24,10916,China
INV1458,P005,Smartwatch,7,2023-01-10,455.32,10376,China
INV1459,P007,Keyboard,9,2023-07-10,439.74,10011,India
INV1460,P006,Monitor,1,2023-11-22,599.46,10595,South Africa
INV1461,P008,Mouse,2,2023-03-13,294.95,10606,Canada
INV1462,P004,Headphones,4,2023-11-26,171.15,10064,Canada
INV1463,P009,External HDD,2,2023-05-09,813.94,10833,India
INV1464,P003,Tablet,4,2023-11-25,789.93,10415,India
INV1465,P004,Headphones,3,2023-07-24,888.23,10208,India
INV1466,P006,Monitor,4,2023-03-05,135.25,11000,Germany
INV1467,P002,Smartphone,2,2023-01-19,28.27,10822,Australia
INV1468,P005,Smartwatch,5,2023-07-31,981.9,10438,UK
INV1469,P002,Smartphone,7,2023-03-02,680.4,10289,UK
INV1470,P009,External HDD,6,2023-03-10,689.88,10689,UK
INV1471,P002,Smartphone,9,2023-10-30,956.33,10860,Germany
INV1472,P010,USB Flash Drive,10,2023-03-25,736.77,10427,Germany
INV1473,P008,Mouse,7,2023-03-10,570.19,10347,India
INV1474,P010,USB Flash Drive,4,2023-01-11,617.63,10260,Germany
INV1475,P008,Mouse,1,2023-12-01,759.94,10509,Australia
INV1476,P002,Smartphone,9,2023-02-04,471.32,10644,South Africa
INV1477,P005,Smartwatch,7,2023-09-01,437.84,10200,Germany
INV1478,P001,Laptop,4,2023-09-21,964.84,10702,UK
INV1479,P005,Smartwatch,8,2023-11-26,181.67,10041,India
INV1480,P006,Monitor,5,2023-03-04,168.29,10149,Australia
INV1481,P002,Smartphone,7,2023-11-22,291.54,10895,Australia
INV1482,P010,USB Flash Drive,7,2023-09-04,629.11,10346,China
INV1483,P009,External HDD,6,2023-08-28,321.44,10032,Canada
INV1484,P002,Smartphone,9,2023-04-22,173.88,10917,UK
INV1485,P001,Laptop,4,2023-01-23,884.73,10911,Canada
INV1486,P006,Monitor,2,2023-05-21,963.45,10945,Canada
INV1487,P010,USB Flash Drive,8,2023-04-27,465.52,10993,USA
INV1488,P003,Tablet,10,2023-06-06,83.7,10313,India
INV1489,P005,Smartwatch,1,2023-09-24,247.27,10123,India
INV1490,P005,Smartwatch,5,2023-07-06,348.2,10098,UK
INV1491,P005,Smartwatch,6,2023-04-01,404.35,10163,India
INV1492,P001,Laptop,9,2023-09-01,632.77,10611,China
INV1493,P003,Tablet,10,2023-02-26,23.31,10819,China
INV1494,P009,External HDD,3,2023-05-19,546.64,10660,Australia
INV1495,P007,Keyboard,6,2023-07-28,265.88,10126,USA
INV1496,P007,Keyboard,5,2023-02-17,359.3,10173,USA
INV1497,P006,Monitor,4,2023-10-06,976.06,10192,UK
INV1498,P007,Keyboard,5,2023-12-13,381.76,10261,South Africa
INV1499,P002,Smartphone,9,2023-11-21,680.9,10551,USA
INV1500,P006,Monitor,10,2023-01-15,628.72,10076,USA
INV1501,P003,Tablet,2,2023-10-04,116.21,10052,Australia
INV1502,P010,USB Flash Drive,9,2024-01-01,183.75,10748,South Africa
INV1503,P008,Mouse,8,2023-01-23,50.58,10098,UK
INV1504,P006,Monitor,3,2023-05-15,11.87,10568,Germany
INV1505,P010,USB Flash Drive,8,2023-07-31,804.78,10570,UK
INV1506,P008,Mouse,8,2023-01-10,177.15,10330,China
INV1507,P005,Smartwatch,9,2023-02-21,668.98,10916,Canada
INV1508,P005,Smartwatch,7,2023-08-27,353.94,10844,China
INV1509,P001,Laptop,2,2023-03-05,485.79,10866,South Africa
INV1510,P004,Headphones,5,2023-06-08,652.86,10576,India
INV1511,P009,External HDD,8,2023-10-10,45.58,10945,UK
INV1512,P002,Smartphone,3,2023-10-16,181.65,10501,Canada
INV1513,P010,USB Flash Drive,7,2023-11-01,270.28,10823,South Africa
INV1514,P010,USB Flash Drive,5,2023-06-13,149.95,10019,China
INV1515,P006,Monitor,7,2023-12-19,761.27,10722,China
INV1516,P009,External HDD,6,2023-11-17,454.04,10656,Brazil
INV1517,P007,Keyboard,3,2023-04-26,961.73,10811,Canada
INV1518,P006,Monitor,3,2023-03-29,163.28,10374,India
INV1519,P009,External HDD,5,2023-09-02,674.88,10942,South Africa
INV1520,P007,Keyboard,2,2023-11-01,889.38,10327,USA
INV1521,P002,Smartphone,1,2023-10-21,473.14,10183,France
INV1522,P004,Headphones,2,2023-04-10,991.85,10402,UK
INV1523,P002,Smartphone,9,2023-10-30,314.86,10444,USA
INV1524,P008,Mouse,2,2023-04-23,246.22,10806,Brazil
INV1525,P008,Mouse,10,2023-12-23,72.12,10960,South Africa
INV1526,P003,Tablet,5,2023-02-10,716.73,10101,USA
INV1527,P002,Smartphone,2,2023-02-12,956.81,10049,India
INV1528,P003,Tablet,10,2023-04-19,306.11,10340,USA
INV1529,P003,Tablet,2,2023-04-28,20.47,10626,Australia
INV1530,P001,Laptop,7,2023-10-13,368.01,10458,China
INV1531,P007,Keyboard,8,2023-05-24,144.97,10893,USA
INV1532,P006,Monitor,6,2023-05-28,31.6,10477,Canada
INV1533,P001,Laptop,4,2024-01-01,520.67,10054,South Africa
INV1534,P007,Keyboard,3,2023-02-01,909.72,10926,Brazil
INV1535,P002,Smartphone,10,2023-09-01,26.66,10523,Germany
INV1536,P008,Mouse,3,2023-02-05,926.57,10040,Germany
INV1537,P004,Headphones,9,2023-01-14,240.43,10286,Germany
INV1538,P004,Headphones,1,2023-04-26,288.22,10012,India
INV1539,P003,Tablet,2,2023-05-28,106.23,10375,Brazil
INV1540,P004,Headphones,9,2023-10-28,507.97,10921,UK
INV1541,P001,Laptop,10,2023-08-08,923.41,10194,South Africa
INV1542,P002,Smartphone,5,2023-10-06,437.6,10931,USA
INV1543,P007,Keyboard,10,2023-09-16,952.06,10024,Germany
INV1544,P002,Smartphone,3,2023-07-31,607.47,10636,Australia
INV1545,P005,Smartwatch,4,2023-08-25,22.33,10345,India
INV1546,P001,Laptop,10,2023-10-31,614.38,10824,South Africa
INV1547,P008,Mouse,6,2023-03-14,374.82,10015,Australia
INV1548,P010,USB Flash Drive,8,2023-01-19,382.37,10436,UK
INV1549,P007,Keyboard,6,2023-02-06,231.5,10143,South Africa
INV1550,P005,Smartwatch,7,2023-08-27,601.57,10482,France
INV1551,P007,Keyboard,7,2023-11-18,129.93,10768,Australia
INV1552,P010,USB Flash Drive,10,2023-07-16,851.33,10609,Brazil
INV1553,P001,Laptop,1,2023-03-22,999.05,10849,USA
INV1554,P003,Tablet,4,2023-11-12,869.94,10911,Brazil
INV1555,P003,Tablet,5,2023-06-14,208.36,10255,Canada
INV1556,P003,Tablet,1,2023-04-06,924.08,10272,China
INV1557,P006,Monitor,2,2023-08-20,827.6,10744,UK
INV1558,P005,Smartwatch,5,2023-09-16,963.65,10450,Germany
INV1559,P002,Smartphone,3,2023-06-16,400.85,10576,China
INV1560,P008,Mouse,1,2023-08-16,394.79,10194,China
INV1561,P009,External HDD,10,2023-05-29,955.69,10424,Brazil
INV1562,P002,Smartphone,1,2023-09-23,819.85,10361,Germany
INV1563,P009,External HDD,6,2023-12-29,570.64,10614,China
INV1564,P003,Tablet,9,2023-05-28,549.79,10917,Canada
INV1565,P001,Laptop,4,2023-08-20,604.68,10927,France
INV1566,P001,Laptop,2,2023-05-09,567.62,10625,Australia
INV1567,P005,Smartwatch,2,2023-05-02,978.07,10956,China
INV1568,P004,Headphones,10,2023-02-13,167.62,10780,Germany
INV1569,P004,Headphones,5,2023-02-17,52.42,10824,Brazil
INV1570,P005,Smartwatch,7,2023-07-09,643.01,10398,France
INV1571,P006,Monitor,4,2023-05-10,354.15,10580,Australia
INV1572,P008,Mouse,7,2023-06-18,466.27,10627,France
INV1573,P001,Laptop,10,2023-07-16,842.54,10620,South Africa
INV1574,P006,Monitor,8,2023-11-29,624.52,10865,Australia
INV1575,P006,Monitor,3,2023-08-11,368.26,10611,USA
INV1576,P007,Keyboard,7,2023-12-19,627.39,10356,Canada
INV1577,P004,Headphones,1,2023-11-27,800.43,10741,France
INV1578,P008,Mouse,5,2023-07-31,529.6,10737,South Africa
INV1579,P009,External HDD,7,2023-10-28,529.66,10332,USA
INV1580,P002,Smartphone,2,2023-06-30,349.72,10486,Canada
INV1581,P003,Tablet,5,2023-02-26,567.26,10804,France
INV1582,P003,Tablet,10,2023-07-12,432.13,10944,Germany
INV1583,P003,Tablet,10,2023-10-15,774.67,10634,UK
INV1584,P005,Smartwatch,1,2023-05-15,798.27,10383,India
INV1585,P002,Smartphone,1,2023-11-22,395.49,10961,South Africa
INV1586,P008,Mouse,5,2023-01-18,946.66,10772,China
INV1587,P004,Headphones,4,2023-02-04,817.25,10695,Canada
INV1588,P005,Smartwatch,2,2023-08-24,988.61,10417,Australia
INV1589,P007,Keyboard,1,2023-10-07,261.38,10276,Australia
INV1590,P008,Mouse,4,2023-08-19,119.93,10572,India
INV1591,P009,External HDD,6,2023-02-06,987.26,10836,South Africa
INV1592,P006,Monitor,4,2023-01-29,142.2,10212,South Africa
INV1593,P001,Laptop,9,2023-06-20,208.31,10321,USA
INV1594,P003,Tablet,1,2023-11-16,284.82,10414,USA
INV1595,P007,Keyboard,4,2023-07-23,443.37,10573,China
INV1596,P005,Smartwatch,6,2023-11-29,476.43,10332,China
INV1597,P006,Monitor,3,2023-08-09,144.51,10276,South Africa
INV1598,P007,Keyboard,1,2023-01-04,818.11,10651,Canada
INV1599,P001,Laptop,3,2023-05-31,820.17,10847,South Africa
INV1600,P010,USB Flash Drive,5,2023-06-09,965.47,10334,Canada
INV1601,P006,Monitor,3,2023-12-06,949.07,10421,Germany
INV1602,P003,Tablet,2,2023-08-13,626.34,10367,USA
INV1603,P009,External HDD,9,2023-12-04,215.3,10087,France
INV1604,P004,Headphones,7,2023-03-25,817.1,10083,France
INV1605,P001,Laptop,9,2023-09-21,965.54,10147,South Africa
INV1606,P003,Tablet,8,2023-02-18,93.2,10343,Australia
INV1607,P005,Smartwatch,7,2023-05-04,238.46,10818,Australia
INV1608,P009,External HDD,6,2023-03-16,742.94,10177,Canada
INV1609,P007,Keyboard,10,2023-07-06,351.23,10977,Australia
INV1610,P007,Keyboard,9,2023-08-23,95.83,10915,Canada
INV1611,P003,Tablet,8,2023-03-13,763.6,10487,India
INV1612,P006,Monitor,7,2023-08-19,697.21,10873,Brazil
INV1613,P009,External HDD,7,2023-10-10,404.11,10907,UK
INV1614,P009,External HDD,4,2023-07-11,29.48,10246,China
INV1615,P010,USB Flash Drive,8,2023-11-03,22.55,10428,Australia
INV1616,P001,Laptop,5,2023-12-09,681.29,10290,China
INV1617,P005,Smartwatch,6,2023-10-13,271.76,10807,Germany
INV1618,P004,Headphones,5,2023-01-04,96.37,10634,UK
INV1619,P001,Laptop,8,2023-07-31,679.33,10057,Brazil
INV1620,P010,USB Flash Drive,6,2023-11-12,646.23,10216,Germany
INV1621,P006,Monitor,2,2023-08-30,796.38,10257,South Africa
INV1622,P004,Headphones,10,2023-08-29,629.99,10237,South Africa
INV1623,P009,External HDD,7,2023-04-16,477.31,10757,Germany
INV1624,P006,Monitor,2,2023-02-21,295.4,10442,Canada
INV1625,P002,Smartphone,4,2023-08-18,329.51,10790,Australia
INV1626,P009,External HDD,4,2023-09-05,744.44,10730,Germany
INV1627,P005,Smartwatch,3,2023-05-22,189.46,10946,Brazil
INV1628,P010,USB Flash Drive,5,2023-10-01,621.0,10915,Brazil
INV1629,P004,Headphones,2,2023-01-17,231.41,10602,Germany
INV1630,P009,External HDD,4,2023-10-30,672.77,10078,China
INV1631,P002,Smartphone,5,2023-06-04,736.54,10978,Germany
INV1632,P005,Smartwatch,7,2023-01-08,778.76,10835,China
INV1633,P003,Tablet,4,2023-10-27,141.56,10813,India
INV1634,P010,USB Flash Drive,5,2023-03-30,665.28,10631,UK
INV1635,P009,External HDD,10,2023-01-08,39.37,10861,Australia
INV1636,P002,Smartphone,2,2023-10-10,215.34,10325,Canada
INV1637,P010,USB Flash Drive,5,2023-01-15,376.77,10186,Brazil
INV1638,P008,Mouse,2,2023-02-13,365.36,10350,Brazil
INV1639,P004,Headphones,9,2023-04-13,442.64,10891,China
INV1640,P010,USB Flash Drive,4,2023-11-07,992.22,10523,China
INV1641,P003,Tablet,2,2023-12-16,611.14,10658,Canada
INV1642,P002,Smartphone,7,2023-03-08,795.85,10580,Canada
INV1643,P009,External HDD,6,2023-03-24,920.38,10010,China
INV1644,P009,External HDD,9,2023-06-16,858.0,10076,Canada
INV1645,P005,Smartwatch,3,2023-07-06,778.45,10975,India
INV1646,P003,Tablet,9,2023-09-21,616.26,10539,China
INV1647,P007,Keyboard,4,2023-02-05,830.48,10806,Germany
INV1648,P006,Monitor,6,2023-06-10,757.56,10905,Canada
INV1649,P002,Smartphone,10,2023-06-12,194.57,10730,Brazil
INV1650,P003,Tablet,5,2023-12-23,380.35,10585,Brazil
INV1651,P001,Laptop,5,2023-02-16,925.23,10177,South Africa
INV1652,P006,Monitor,10,2023-05-21,48.25,10809,Brazil
INV1653,P008,Mouse,7,2023-03-22,484.07,10037,UK
INV1654,P009,External HDD,5,2023-05-31,340.76,10179,UK
INV1655,P006,Monitor,7,2023-03-22,777.28,10955,France
INV1656,P002,Smartphone,9,2023-06-04,266.03,10476,UK
INV1657,P001,Laptop,10,2023-07-04,651.81,10393,South Africa
INV1658,P008,Mouse,6,2023-09-07,323.73,10290,Brazil
INV1659,P007,Keyboard,4,2023-05-18,994.88,10503,USA
INV1660,P004,Headphones,9,2024-01-01,392.21,10455,South Africa
INV1661,P007,Keyboard,10,2023-10-14,943.32,10853,UK
INV1662,P002,Smartphone,1,2023-05-29,288.3,10519,Germany
INV1663,P007,Keyboard,9,2023-11-15,17.52,10419,India
INV1664,P001,Laptop,5,2023-04-06,507.44,10084,UK
INV1665,P001,Laptop,8,2023-09-07,368.14,10370,India
INV1666,P004,Headphones,4,2023-12-20,310.05,10281,South Africa
INV1667,P004,Headphones,1,2023-08-04,897.25,10587,India
INV1668,P001,Laptop,2,2023-10-14,765.44,10281,UK
INV1669,P004,Headphones,5,2023-10-29,338.59,10497,France
INV1670,P003,Tablet,8,2023-07-17,600.6,10289,UK
INV1671,P010,USB Flash Drive,8,2023-01-31,492.32,10076,UK
INV1672,P006,Monitor,5,2023-08-30,575.04,10843,France
INV1673,P004,Headphones,1,2023-09-03,255.02,10486,India
INV1674,P009,External HDD,1,2023-10-25,675.35,10214,France
INV1675,P006,Monitor,5,2023-02-03,366.14,10863,Brazil
INV1676,P008,Mouse,9,2023-09-11,508.0,10911,Canada
INV1677,P008,Mouse,5,2023-01-06,109.68,10473,China
INV1678,P010,USB Flash Drive,2,2023-11-18,137.28,10696,South Africa
INV1679,P010,USB Flash Drive,7,2023-01-21,634.6,10398,Canada
INV1680,P007,Keyboard,10,2023-10-04,693.01,10396,France
INV1681,P010,USB Flash Drive,9,2023-08-03,413.92,10361,France
INV1682,P002,Smartphone,2,2023-12-22,889.39,10667,China
INV1683,P009,External HDD,10,2023-09-30,538.86,10103,India
INV1684,P008,Mouse,9,2023-12-04,586.97,10137,UK
INV1685,P007,Keyboard,7,2023-05-14,700.92,10526,China
INV1686,P007,Keyboard,10,2023-02-06,890.57,10130,India
INV1687,P008,Mouse,4,2023-04-29,713.19,10741,India
INV1688,P010,USB Flash Drive,8,2023-11-28,779.85,10426,UK
INV1689,P003,Tablet,6,2023-01-11,691.25,10131,China
INV1690,P006,Monitor,7,2023-06-02,22.62,10969,Canada
INV1691,P003,Tablet,2,2023-01-22,892.09,10151,Australia
INV1692,P002,Smartphone,10,2023-10-06,464.15,10708,China
INV1693,P004,Headphones,4,2023-12-05,925.73,10925,Australia
INV1694,P004,Headphones,6,2023-10-18,164.75,10681,France
INV1695,P004,Headphones,10,2023-08-17,569.08,10160,France
INV1696,P005,Smartwatch,9,2023-03-11,231.53,10747,India
INV1697,P003,Tablet,1,2023-11-20,572.85,10356,USA
INV1698,P005,Smartwatch,4,2023-06-05,103.06,10409,South Africa
INV1699,P001,Laptop,8,2023-04-14,433.18,10522,India
INV1700,P004,Headphones,4,2023-07-06,573.62,10855,Australia
INV1701,P010,USB Flash Drive,8,2023-08-02,137.31,10615,Germany
INV1702,P001,Laptop,10,2023-09-05,133.66,10557,France
INV1703,P005,Smartwatch,3,2023-07-04,496.86,10062,UK
INV1704,P002,Smartphone,2,2023-07-22,247.19,10673,Australia
INV1705,P006,Monitor,9,2023-03-21,307.94,10288,South Africa
INV1706,P008,Mouse,6,2023-09-14,925.38,10096,USA
INV1707,P008,Mouse,10,2023-07-18,760.88,10164,France
INV1708,P004,Headphones,1,2023-05-17,576.39,10463,USA
INV1709,P001,Laptop,2,2023-07-24,948.07,10917,Brazil
INV1710,P008,Mouse,4,2023-04-30,571.52,10083,China
INV1711,P001,Laptop,8,2023-06-18,599.28,10076,Canada
INV1712,P002,Smartphone,4,2023-04-14,255.31,10847,Brazil
INV1713,P009,External HDD,2,2023-10-01,450.5,10837,South Africa
INV1714,P003,Tablet,3,2023-07-15,705.9,10932,China
INV1715,P006,Monitor,4,2023-12-04,458.03,10120,China
INV1716,P008,Mouse,7,2023-02-08,142.67,10514,France
INV1717,P005,Smartwatch,5,2023-03-02,63.35,10152,Australia
INV1718,P009,External HDD,2,2023-03-19,710.85,10333,Germany
INV1719,P005,Smartwatch,10,2023-01-27,829.16,10880,Australia
INV1720,P005,Smartwatch,5,2023-06-23,309.96,10071,Germany
INV1721,P004,Headphones,4,2023-06-20,624.4,10056,Australia
INV1722,P001,Laptop,10,2023-04-18,378.07,10623,USA
INV1723,P006,Monitor,10,2023-05-13,991.75,10568,Brazil
INV1724,P006,Monitor,7,2023-08-11,57.51,10072,China
INV1725,P009,External HDD,4,2023-11-29,620.5,10488,Germany
INV1726,P009,External HDD,7,2023-03-11,915.36,10935,Canada
INV1727,P008,Mouse,8,2023-12-10,104.16,10383,Brazil
INV1728,P010,USB Flash Drive,8,2023-09-07,967.51,10894,China
INV1729,P006,Monitor,7,2023-05-01,422.51,10673,UK
INV1730,P009,External HDD,1,2023-07-22,116.78,10688,Brazil
INV1731,P001,Laptop,7,2023-03-11,797.17,10047,UK
INV1732,P002,Smartphone,5,2023-08-13,363.34,10212,Australia
INV1733,P002,Smartphone,1,2023-07-13,697.62,10761,Canada
INV1734,P010,USB Flash Drive,6,2023-02-02,434.24,10298,Canada
INV1735,P005,Smartwatch,10,2023-12-20,52.39,10243,China
INV1736,P010,USB Flash Drive,6,2023-03-27,607.67,10302,Australia
INV1737,P010,USB Flash Drive,7,2023-09-28,153.02,10014,Australia
INV1738,P005,Smartwatch,6,2023-06-16,251.0,10960,Germany
INV1739,P004,Headphones,5,2023-05-23,50.09,10318,Canada
INV1740,P001,Laptop,4,2023-02-10,740.63,10156,France
INV1741,P004,Headphones,10,2023-11-05,857.67,10355,China
INV1742,P007,Keyboard,10,2023-11-23,900.9,10199,India
INV1743,P004,Headphones,3,2023-05-10,791.81,10462,Australia
INV1744,P003,Tablet,2,2023-08-17,654.54,10534,China
INV1745,P004,Headphones,10,2023-01-28,30.39,10301,China
INV1746,P007,Keyboard,7,2023-02-22,72.99,10854,Brazil
INV1747,P009,External HDD,4,2023-03-19,138.77,10387,Canada
INV1748,P009,External HDD,1,2023-04-25,260.46,10960,France
INV1749,P002,Smartphone,4,2023-11-10,294.61,10402,India
INV1750,P003,Tablet,4,2023-06-06,855.69,10180,USA
INV1751,P008,Mouse,8,2023-11-21,799.25,10692,Canada
INV1752,P009,External HDD,6,2023-02-24,232.7,10173,Canada
INV1753,P003,Tablet,10,2023-11-02,486.95,10944,Germany
INV1754,P006,Monitor,7,2023-04-06,927.96,10602,USA
INV1755,P002,Smartphone,3,2023-05-19,217.91,10827,Australia
INV1756,P001,Laptop,10,2023-06-21,916.75,10160,Canada
INV1757,P009,External HDD,4,2023-09-04,852.3,10778,UK
INV1758,P004,Headphones,5,2023-09-09,239.01,10129,Australia
INV1759,P007,Keyboard,3,2023-09-12,99.33,10367,Brazil
INV1760,P008,Mouse,9,2023-06-26,752.8,10613,France
INV1761,P005,Smartwatch,5,2023-01-31,547.33,10787,France
INV1762,P006,Monitor,10,2023-07-01,43.53,10519,Australia
INV1763,P002,Smartphone,6,2023-11-05,551.11,10593,India
INV1764,P005,Smartwatch,5,2023-10-03,279.33,10319,Brazil
INV1765,P010,USB Flash Drive,9,2023-02-03,178.92,10662,UK
INV1766,P003,Tablet,5,2023-11-18,845.83,10915,Brazil
INV1767,P010,USB Flash Drive,7,2023-06-30,341.77,10295,UK
INV1768,P002,Smartphone,5,2023-03-05,83.31,10389,Brazil
INV1769,P001,Laptop,3,2023-01-02,637.16,10272,Brazil
INV1770,P006,Monitor,6,2023-03-20,713.91,10120,China
INV1771,P001,Laptop,6,2023-04-22,307.17,10910,South Africa
INV1772,P005,Smartwatch,9,2023-02-02,231.91,10229,Germany
INV1773,P008,Mouse,3,2023-11-30,59.23,10909,France
INV1774,P001,Laptop,2,2023-08-03,515.29,10790,UK
INV1775,P005,Smartwatch,9,2023-04-24,281.67,10457,Australia
INV1776,P002,Smartphone,10,2023-10-29,500.74,10676,China
INV1777,P002,Smartphone,4,2023-03-05,54.62,10998,Canada
INV1778,P009,External HDD,5,2023-11-20,914.67,10206,South Africa
INV1779,P010,USB Flash Drive,6,2023-04-12,848.13,10082,Germany
INV1780,P001,Laptop,8,2023-01-31,815.91,10262,Brazil
INV1781,P009,External HDD,9,2023-06-09,940.67,10313,Germany
INV1782,P007,Keyboard,9,2023-05-16,995.07,10891,UK
INV1783,P008,Mouse,3,2023-11-05,672.52,10994,South Africa
INV1784,P006,Monitor,3,2023-09-24,760.58,10601,Brazil
INV1785,P010,USB Flash Drive,3,2023-04-01,516.38,10251,South Africa
INV1786,P006,Monitor,9,2023-02-25,613.53,10792,China
INV1787,P001,Laptop,8,2023-11-18,130.43,10946,China
INV1788,P002,Smartphone,8,2023-11-21,22.83,10271,South Africa
INV1789,P005,Smartwatch,8,2023-04-13,555.67,10603,China
INV1790,P009,External HDD,6,2023-11-18,439.88,10340,Canada
INV1791,P001,Laptop,7,2023-03-06,921.46,10789,Australia
INV1792,P008,Mouse,2,2023-09-01,643.34,10840,Australia
INV1793,P006,Monitor,2,2023-12-21,826.51,10881,Canada
INV1794,P010,USB Flash Drive,1,2023-03-11,397.55,10235,UK
INV1795,P009,External HDD,9,2023-04-15,341.46,10793,Brazil
INV1796,P008,Mouse,2,2023-05-24,583.02,10517,Australia
INV1797,P008,Mouse,9,2023-07-27,530.51,10177,China
INV1798,P005,Smartwatch,8,2023-06-09,749.41,10652,South Africa
INV1799,P005,Smartwatch,9,2023-08-20,548.73,10057,Australia
INV1800,P002,Smartphone,7,2023-11-02,892.24,10987,Canada
INV1801,P008,Mouse,2,2023-11-21,760.94,10662,South Africa
INV1802,P003,Tablet,2,2023-01-05,19.38,10982,USA
INV1803,P006,Monitor,5,2023-05-04,96.92,10642,Canada
INV1804,P007,Keyboard,5,2023-03-07,347.63,10431,Australia
INV1805,P005,Smartwatch,9,2023-07-05,178.71,10158,Australia
INV1806,P010,USB Flash Drive,6,2023-09-19,838.92,10469,France
INV1807,P004,Headphones,3,2023-10-26,219.2,10531,China
INV1808,P008,Mouse,5,2023-11-17,943.61,10754,USA
INV1809,P001,Laptop,8,2023-05-29,458.89,10128,China
INV1810,P009,External HDD,2,2023-08-12,557.61,10732,Australia
INV1811,P006,Monitor,1,2023-05-04,530.8,10232,Brazil
INV1812,P004,Headphones,2,2023-09-01,99.16,10413,India
INV1813,P005,Smartwatch,9,2023-01-31,458.44,10456,Australia
INV1814,P001,Laptop,3,2023-08-23,379.26,10793,Brazil
INV1815,P003,Tablet,10,2023-03-13,535.91,10530,Canada
INV1816,P003,Tablet,1,2023-05-11,839.24,10141,Australia
INV1817,P008,Mouse,2,2023-06-21,151.38,10185,South Africa
INV1818,P010,USB Flash Drive,3,2023-06-10,391.95,10413,Germany
INV1819,P009,External HDD,3,2023-01-05,504.87,10770,India
INV1820,P001,Laptop,8,2023-04-08,722.99,10744,USA
INV1821,P007,Keyboard,7,2023-11-02,773.89,10760,France
INV1822,P003,Tablet,8,2023-10-14,751.78,10851,UK
INV1823,P007,Keyboard,10,2023-07-03,78.84,10809,Canada
INV1824,P005,Smartwatch,8,2023-04-13,398.7,10863,India
INV1825,P010,USB Flash Drive,3,2023-07-25,259.6,10843,Germany
INV1826,P002,Smartphone,6,2023-04-26,300.8,10219,Australia
INV1827,P010,USB Flash Drive,6,2023-02-14,391.61,10504,India
INV1828,P006,Monitor,2,2023-10-15,607.56,10697,China
INV1829,P008,Mouse,9,2023-05-21,725.02,10973,India
INV1830,P002,Smartphone,5,2023-08-12,211.77,10253,India
INV1831,P003,Tablet,4,2023-01-24,422.05,10434,Germany
INV1832,P002,Smartphone,4,2023-06-19,83.1,10496,China
INV1833,P005,Smartwatch,5,2023-07-12,623.98,10317,Germany
INV1834,P006,Monitor,7,2023-06-17,254.89,10541,Germany
INV1835,P006,Monitor,1,2023-11-11,669.66,10663,Australia
INV1836,P009,External HDD,6,2023-01-26,740.17,10121,Brazil
INV1837,P010,USB Flash Drive,5,2023-04-28,21.68,10194,France
INV1838,P009,External HDD,2,2023-07-12,697.2,10873,South Africa
INV1839,P002,Smartphone,2,2023-01-03,487.47,10089,China
INV1840,P001,Laptop,1,2023-02-06,924.02,10214,China
INV1841,P003,Tablet,8,2023-10-17,297.89,10599,India
INV1842,P003,Tablet,5,2023-07-26,333.41,10258,India
INV1843,P009,External HDD,9,2023-06-16,611.12,10777,Brazil
INV1844,P008,Mouse,5,2023-07-12,904.76,10205,China
INV1845,P002,Smartphone,1,2023-08-28,241.45,10025,Brazil
INV1846,P002,Smartphone,9,2023-07-22,259.1,10412,USA
INV1847,P007,Keyboard,9,2023-02-12,593.39,10318,South Africa
INV1848,P002,Smartphone,6,2023-03-24,121.27,10782,South Africa
INV1849,P009,External HDD,4,2023-02-12,305.53,10156,South Africa
INV1850,P003,Tablet,6,2023-07-08,934.69,10949,France
INV1851,P005,Smartwatch,3,2023-08-12,967.79,10679,UK
INV1852,P008,Mouse,1,2023-04-12,973.96,10011,India
INV1853,P010,USB Flash Drive,10,2023-06-11,833.83,10072,USA
INV1854,P007,Keyboard,8,2023-01-29,172.74,10178,Australia
INV1855,P002,Smartphone,1,2023-06-09,293.13,10057,UK
INV1856,P007,Keyboard,6,2023-09-30,166.04,10895,USA
INV1857,P001,Laptop,5,2023-12-28,860.28,10046,Australia
INV1858,P008,Mouse,8,2023-01-15,619.08,10622,UK
INV1859,P004,Headphones,3,2023-04-04,537.29,10837,Canada
INV1860,P009,External HDD,5,2023-12-28,506.07,10720,Canada
INV1861,P002,Smartphone,6,2023-02-15,947.07,10837,Germany
INV1862,P006,Monitor,6,2023-10-17,696.42,10107,Canada
INV1863,P002,Smartphone,1,2023-03-15,549.22,10735,Australia
INV1864,P002,Smartphone,3,2023-10-03,260.76,10957,UK
INV1865,P005,Smartwatch,10,2023-09-27,736.57,10479,Germany
INV1866,P008,Mouse,7,2023-07-13,921.04,10040,India
INV1867,P010,USB Flash Drive,7,2023-06-30,608.91,10006,France
INV1868,P010,USB Flash Drive,4,2023-02-11,583.6,10519,China
INV1869,P004,Headphones,10,2023-03-14,350.08,10744,Brazil
INV1870,P009,External HDD,6,2023-05-25,534.55,10700,Australia
INV1871,P005,Smartwatch,1,2023-10-14,665.74,10308,UK
INV1872,P003,Tablet,1,2023-04-21,73.05,10147,India
INV1873,P005,Smartwatch,4,2023-01-12,279.4,10745,Germany
INV1874,P008,Mouse,7,2023-01-26,878.39,10053,India
INV1875,P002,Smartphone,10,2023-05-13,917.43,10467,China
INV1876,P004,Headphones,9,2023-02-11,675.63,10695,USA
INV1877,P004,Headphones,10,2023-05-27,979.47,10274,Brazil
INV1878,P010,USB Flash Drive,9,2023-09-30,423.56,10997,India
INV1879,P007,Keyboard,7,2023-03-21,47.57,10866,UK
INV1880,P008,Mouse,1,2023-01-22,742.62,10603,South Africa
INV1881,P003,Tablet,10,2023-04-20,811.75,10641,Canada
INV1882,P002,Smartphone,1,2023-09-30,492.7,10489,South Africa
INV1883,P008,Mouse,1,2023-01-13,600.98,10629,Germany
INV1884,P009,External HDD,5,2023-11-18,440.99,10348,Brazil
INV1885,P005,Smartwatch,1,2023-10-25,139.61,10991,South Africa
INV1886,P010,USB Flash Drive,9,2023-10-10,150.35,10381,India
INV1887,P010,USB Flash Drive,4,2023-12-19,600.41,10675,South Africa
INV1888,P002,Smartphone,1,2023-06-21,759.17,10419,South Africa
INV1889,P006,Monitor,8,2023-02-25,189.55,10573,Brazil
INV1890,P007,Keyboard,2,2023-07-26,553.88,10496,UK
INV1891,P007,Keyboard,7,2023-02-26,936.76,10493,Australia
INV1892,P008,Mouse,6,2023-05-02,19.54,10957,South Africa
INV1893,P003,Tablet,8,2023-03-16,398.42,10227,Germany
INV1894,P009,External HDD,6,2023-02-16,863.61,10417,Australia
INV1895,P004,Headphones,8,2023-05-30,881.02,10686,China
INV1896,P003,Tablet,3,2023-08-19,688.69,10097,Brazil
INV1897,P010,USB Flash Drive,6,2023-08-30,945.78,10022,China
INV1898,P007,Keyboard,6,2023-06-09,846.92,10092,UK
INV1899,P003,Tablet,6,2023-07-25,138.5,10472,UK
INV1900,P004,Headphones,4,2023-10-05,540.52,10426,Canada
INV1901,P010,USB Flash Drive,3,2023-01-27,296.58,10765,India
INV1902,P009,External HDD,4,2023-12-29,483.43,10594,Brazil
INV1903,P002,Smartphone,4,2023-05-25,736.25,10912,Germany
INV1904,P004,Headphones,5,2023-02-03,687.22,10251,UK
INV1905,P009,External HDD,10,2023-12-30,528.63,10325,UK
INV1906,P010,USB Flash Drive,7,2023-02-03,966.53,10153,India
INV1907,P007,Keyboard,1,2023-07-19,442.35,10636,Canada
INV1908,P009,External HDD,10,2023-06-01,609.35,10503,India
INV1909,P004,Headphones,8,2023-10-26,408.21,10268,Germany
INV1910,P002,Smartphone,6,2023-01-26,888.88,10229,South Africa
INV1911,P009,External HDD,10,2023-03-15,546.03,10858,France
INV1912,P006,Monitor,9,2023-04-15,134.48,10634,South Africa
INV1913,P001,Laptop,5,2023-12-20,598.08,10182,Germany
INV1914,P007,Keyboard,9,2023-12-27,192.57,10283,India
INV1915,P005,Smartwatch,4,2023-11-05,760.38,10049,Germany
INV1916,P004,Headphones,4,2023-08-31,212.5,10607,Brazil
INV1917,P002,Smartphone,3,2023-08-16,100.21,10470,USA
INV1918,P001,Laptop,5,2023-09-15,707.44,10123,South Africa
INV1919,P003,Tablet,8,2023-04-11,84.2,10554,China
INV1920,P001,Laptop,10,2023-05-03,688.76,10951,India
INV1921,P008,Mouse,4,2023-05-05,485.19,10171,South Africa
INV1922,P005,Smartwatch,10,2023-11-24,476.54,10380,China
INV1923,P010,USB Flash Drive,3,2023-02-14,631.69,10964,USA
INV1924,P010,USB Flash Drive,6,2023-08-17,757.85,10530,China
INV1925,P008,Mouse,6,2023-08-02,755.55,10766,Brazil
INV1926,P001,Laptop,10,2023-03-28,79.54,10207,India
INV1927,P002,Smartphone,3,2023-03-26,700.17,10183,South Africa
INV1928,P001,Laptop,8,2023-05-03,101.75,10339,India
INV1929,P010,USB Flash Drive,10,2023-07-17,778.95,10886,South Africa
INV1930,P005,Smartwatch,7,2023-08-31,952.34,10954,South Africa
INV1931,P009,External HDD,7,2023-06-14,453.8,10422,UK
INV1932,P002,Smartphone,9,2023-06-29,753.06,10218,India
INV1933,P006,Monitor,8,2023-06-30,238.44,10483,USA
INV1934,P002,Smartphone,9,2023-05-14,731.03,10592,India
INV1935,P006,Monitor,3,2023-07-26,875.64,10345,South Africa
INV1936,P004,Headphones,10,2023-07-28,553.44,10285,India
INV1937,P009,External HDD,7,2023-03-13,750.07,10486,Canada
INV1938,P005,Smartwatch,6,2023-07-26,38.5,10294,Australia
INV1939,P008,Mouse,1,2023-12-22,23.14,10649,USA
INV1940,P001,Laptop,4,2023-04-10,694.15,10802,France
INV1941,P005,Smartwatch,10,2023-08-03,577.36,10585,Germany
INV1942,P003,Tablet,9,2023-02-04,937.86,10486,France
INV1943,P006,Monitor,9,2023-01-25,272.36,10802,UK
INV1944,P002,Smartphone,10,2023-02-04,172.89,10577,Australia
INV1945,P005,Smartwatch,2,2023-07-12,66.99,10657,Germany
INV1946,P007,Keyboard,8,2023-03-20,473.64,10113,Germany
INV1947,P002,Smartphone,3,2023-12-27,135.57,10777,USA
INV1948,P005,Smartwatch,1,2023-07-03,58.5,10577,USA
INV1949,P004,Headphones,10,2023-02-10,358.91,10510,France
INV1950,P002,Smartphone,9,2023-05-14,585.3,10812,Germany
INV1951,P007,Keyboard,9,2023-01-14,737.18,10391,Germany
INV1952,P010,USB Flash Drive,7,2023-04-03,830.65,10384,Canada
INV1953,P006,Monitor,4,2023-12-18,678.65,10877,India
INV1954,P010,USB Flash Drive,8,2023-10-16,666.71,10968,South Africa
INV1955,P009,External HDD,7,2023-09-29,848.71,10862,South Africa
INV1956,P002,Smartphone,3,2023-03-13,200.36,10256,Brazil
INV1957,P008,Mouse,8,2023-12-17,98.63,10837,South Africa
INV1958,P009,External HDD,2,2023-08-30,182.84,10206,USA
INV1959,P009,External HDD,10,2023-10-10,408.26,10638,India
INV1960,P005,Smartwatch,9,2023-07-15,176.94,10656,Brazil
INV1961,P010,USB Flash Drive,10,2023-08-12,277.32,10985,USA
INV1962,P003,Tablet,6,2023-03-18,405.95,10675,India
INV1963,P003,Tablet,6,2023-05-28,516.21,10092,China
INV1964,P008,Mouse,3,2023-03-29,707.87,10467,Germany
INV1965,P001,Laptop,4,2023-05-27,858.6,10624,India
INV1966,P003,Tablet,2,2023-05-19,312.52,10658,Germany
INV1967,P005,Smartwatch,1,2023-07-28,975.36,10493,Germany
INV1968,P005,Smartwatch,7,2023-10-16,705.97,10042,Australia
INV1969,P006,Monitor,7,2023-09-01,718.74,10857,Australia
INV1970,P010,USB Flash Drive,9,2023-09-06,786.06,10025,South Africa
INV1971,P010,USB Flash Drive,10,2023-03-23,860.25,10063,Canada
INV1972,P010,USB Flash Drive,8,2023-11-22,714.94,10340,Brazil
INV1973,P008,Mouse,5,2023-02-19,316.64,10829,Australia
INV1974,P006,Monitor,1,2023-11-24,573.59,10241,Brazil
INV1975,P003,Tablet,1,2023-11-30,531.4,10679,France
INV1976,P002,Smartphone,9,2023-05-09,688.12,10268,China
INV1977,P010,USB Flash Drive,8,2023-10-07,482.54,10284,Canada
INV1978,P009,External HDD,3,2023-12-04,227.87,10284,France
INV1979,P004,Headphones,6,2023-01-19,407.88,10838,Brazil
INV1980,P010,USB Flash Drive,3,2023-08-19,420.59,10424,Germany
INV1981,P003,Tablet,9,2023-02-18,457.99,10371,Canada
INV1982,P009,External HDD,4,2023-03-02,883.5,10544,USA
INV1983,P010,USB Flash Drive,9,2023-01-23,580.2,10316,France
INV1984,P010,USB Flash Drive,6,2023-03-18,647.93,10533,India
INV1985,P004,Headphones,5,2023-07-02,154.16,10076,France
INV1986,P006,Monitor,2,2023-12-11,978.53,10217,Australia
INV1987,P004,Headphones,5,2023-03-29,957.61,10237,Australia
INV1988,P008,Mouse,7,2023-05-29,86.3,10602,USA
INV1989,P010,USB Flash Drive,7,2023-03-08,55.58,10735,Australia
INV1990,P007,Keyboard,10,2023-08-08,28.28,10252,Brazil
INV1991,P008,Mouse,4,2023-10-18,866.17,10561,UK
INV1992,P010,USB Flash Drive,7,2023-11-14,79.58,10686,France
INV1993,P004,Headphones,1,2023-12-02,94.49,10773,Canada
INV1994,P005,Smartwatch,2,2023-11-06,616.04,10982,Brazil
INV1995,P005,Smartwatch,9,2023-09-19,600.74,10331,UK
INV1996,P004,Headphones,4,2023-05-28,128.53,10839,Canada
INV1997,P002,Smartphone,5,2023-12-13,205.54,10589,France
INV1998,P008,Mouse,3,2023-11-26,527.83,10371,India
INV1999,P006,Monitor,7,2023-08-10,312.28,10104,India
